GRAHAM+MERGESORT,GRAHAM+INSERTIONSORT,GRAHAM+BUCKETSORT,JARVIS

0,0,0,0
0,0,0,0.009339
0,0,0.010004,0
0.006611,0,0,0.010021
0.010005,0,0,0.010053
0.010012,0,0,0.00998
0.010001,0,0,0.00999
0.040059,
0.030004,
0.024979,0.040016,
0.023997,0.049996,0,0.229998
22.0084,
0.067974,0.020016,
0.054305,
21.882,
0.01208
4.64165e-310,1.9449,
0.00090266,1.05839,
0.0001624,0.00617045,4.66657e-310,0.00036141
0.00040079,0.0315622,0,0.00088862
